Workbook

Sheet Transformed
A1: Personal Pronouns | B1: Demonstrative Pronouns | C1: Quidam | D1: Reflexive Pronouns | E1: Iste | F1: Alius | G1: Ipse | H1: Idem | I1: Priusquam | J1: Antequam | K1: Quominus | L1: Dum | M1: Quin | N1: Ut | O1: Conditionals | P1: Prepositions | Q1: Interrogative Sentences | R1: Superlatives | S1: Atque + consonant | T1: Relative Clauses | U1: Mean Length Relative Clauses | V1: Gerunds and Gerundives | W1: Cum | X1: Conjunctions | Y1: Vocatives | Z1: Mean Sentence Length
A2: =(stylometry_data_letters!A2 - MIN(stylometry_data_letters!A$2:A$65))/(MAX(stylometry_data_letters!A$2:A$65) - MIN(stylometry_data_letters!A$2:A$65)) -> 0.0967519 | B2: =(stylometry_data_letters!B2 - MIN(stylometry_data_letters!B$2:B$65))/(MAX(stylometry_data_letters!B$2:B$65) - MIN(stylometry_data_letters!B$2:B$65)) -> 0 | C2: =(stylometry_data_letters!C2 - MIN(stylometry_data_letters!C$2:C$65))/(MAX(stylometry_data_letters!C$2:C$65) - MIN(stylometry_data_letters!C$2:C$65)) -> 0.26190476 | D2: =(stylometry_data_letters!D2 - MIN(stylometry_data_letters!D$2:D$65))/(MAX(stylometry_data_letters!D$2:D$65) - MIN(stylometry_data_letters!D$2:D$65)) -> 0.25443787 | E2: =(stylometry_data_letters!E2 - MIN(stylometry_data_letters!E$2:E$65))/(MAX(stylometry_data_letters!E$2:E$65) - MIN(stylometry_data_letters!E$2:E$65)) -> 0.13385827 | F2: =(stylometry_data_letters!F2 - MIN(stylometry_data_letters!F$2:F$65))/(MAX(stylometry_data_letters!F$2:F$65) - MIN(stylometry_data_letters!F$2:F$65)) -> 0.40298507 | G2: =(stylometry_data_letters!G2 - MIN(stylometry_data_letters!G$2:G$65))/(MAX(stylometry_data_letters!G$2:G$65) - MIN(stylometry_data_letters!G$2:G$65)) -> 0.15254237 | H2: =(stylometry_data_letters!H2 - MIN(stylometry_data_letters!H$2:H$65))/(MAX(stylometry_data_letters!H$2:H$65) - MIN(stylometry_data_letters!H$2:H$65)) -> 0.032258065 | ... Z2: =(stylometry_data_letters!Z2 - MIN(stylometry_data_letters!Z$2:Z$65))/(MAX(stylometry_data_letters!Z$2:Z$65) - MIN(stylometry_data_letters!Z$2:Z$65)) -> 0.37742222
A3: =(stylometry_data_letters!A3 - MIN(stylometry_data_letters!A$2:A$65))/(MAX(stylometry_data_letters!A$2:A$65) - MIN(stylometry_data_letters!A$2:A$65)) -> 0.28058051 | B3: =(stylometry_data_letters!B3 - MIN(stylometry_data_letters!B$2:B$65))/(MAX(stylometry_data_letters!B$2:B$65) - MIN(stylometry_data_letters!B$2:B$65)) -> 0.43567753 | C3: =(stylometry_data_letters!C3 - MIN(stylometry_data_letters!C$2:C$65))/(MAX(stylometry_data_letters!C$2:C$65) - MIN(stylometry_data_letters!C$2:C$65)) -> 0.27380952 | D3: =(stylometry_data_letters!D3 - MIN(stylometry_data_letters!D$2:D$65))/(MAX(stylometry_data_letters!D$2:D$65) - MIN(stylometry_data_letters!D$2:D$65)) -> 0.10650888 | E3: =(stylometry_data_letters!E3 - MIN(stylometry_data_letters!E$2:E$65))/(MAX(stylometry_data_letters!E$2:E$65) - MIN(stylometry_data_letters!E$2:E$65)) -> 0.41732283 | F3: =(stylometry_data_letters!F3 - MIN(stylometry_data_letters!F$2:F$65))/(MAX(stylometry_data_letters!F$2:F$65) - MIN(stylometry_data_letters!F$2:F$65)) -> 0.29850746 | G3: =(stylometry_data_letters!G3 - MIN(stylometry_data_letters!G$2:G$65))/(MAX(stylometry_data_letters!G$2:G$65) - MIN(stylometry_data_letters!G$2:G$65)) -> 0.54237288 | H3: =(stylometry_data_letters!H3 - MIN(stylometry_data_letters!H$2:H$65))/(MAX(stylometry_data_letters!H$2:H$65) - MIN(stylometry_data_letters!H$2:H$65)) -> 0.19354839 | ... Z3: =(stylometry_data_letters!Z3 - MIN(stylometry_data_letters!Z$2:Z$65))/(MAX(stylometry_data_letters!Z$2:Z$65) - MIN(stylometry_data_letters!Z$2:Z$65)) -> 0.59414201
A4: =(stylometry_data_letters!A4 - MIN(stylometry_data_letters!A$2:A$65))/(MAX(stylometry_data_letters!A$2:A$65) - MIN(stylometry_data_letters!A$2:A$65)) -> 0.30960608 | B4: =(stylometry_data_letters!B4 - MIN(stylometry_data_letters!B$2:B$65))/(MAX(stylometry_data_letters!B$2:B$65) - MIN(stylometry_data_letters!B$2:B$65)) -> 0.26758148 | C4: =(stylometry_data_letters!C4 - MIN(stylometry_data_letters!C$2:C$65))/(MAX(stylometry_data_letters!C$2:C$65) - MIN(stylometry_data_letters!C$2:C$65)) -> 0.3452381 | D4: =(stylometry_data_letters!D4 - MIN(stylometry_data_letters!D$2:D$65))/(MAX(stylometry_data_letters!D$2:D$65) - MIN(stylometry_data_letters!D$2:D$65)) -> 0.088757396 | E4: =(stylometry_data_letters!E4 - MIN(stylometry_data_letters!E$2:E$65))/(MAX(stylometry_data_letters!E$2:E$65) - MIN(stylometry_data_letters!E$2:E$65)) -> 0.34645669 | F4: =(stylometry_data_letters!F4 - MIN(stylometry_data_letters!F$2:F$65))/(MAX(stylometry_data_letters!F$2:F$65) - MIN(stylometry_data_letters!F$2:F$65)) -> 0.36567164 | G4: =(stylometry_data_letters!G4 - MIN(stylometry_data_letters!G$2:G$65))/(MAX(stylometry_data_letters!G$2:G$65) - MIN(stylometry_data_letters!G$2:G$65)) -> 0.6779661 | H4: =(stylometry_data_letters!H4 - MIN(stylometry_data_letters!H$2:H$65))/(MAX(stylometry_data_letters!H$2:H$65) - MIN(stylometry_data_letters!H$2:H$65)) -> 0.5 | ... Z4: =(stylometry_data_letters!Z4 - MIN(stylometry_data_letters!Z$2:Z$65))/(MAX(stylometry_data_letters!Z$2:Z$65) - MIN(stylometry_data_letters!Z$2:Z$65)) -> 0.58248544
A5: =(stylometry_data_letters!A5 - MIN(stylometry_data_letters!A$2:A$65))/(MAX(stylometry_data_letters!A$2:A$65) - MIN(stylometry_data_letters!A$2:A$65)) -> 0.25431928 | B5: =(stylometry_data_letters!B5 - MIN(stylometry_data_letters!B$2:B$65))/(MAX(stylometry_data_letters!B$2:B$65) - MIN(stylometry_data_letters!B$2:B$65)) -> 0.49914237 | C5: =(stylometry_data_letters!C5 - MIN(stylometry_data_letters!C$2:C$65))/(MAX(stylometry_data_letters!C$2:C$65) - MIN(stylometry_data_letters!C$2:C$65)) -> 0.30952381 | D5: =(stylometry_data_letters!D5 - MIN(stylometry_data_letters!D$2:D$65))/(MAX(stylometry_data_letters!D$2:D$65) - MIN(stylometry_data_letters!D$2:D$65)) -> 0.15384615 | E5: =(stylometry_data_letters!E5 - MIN(stylometry_data_letters!E$2:E$65))/(MAX(stylometry_data_letters!E$2:E$65) - MIN(stylometry_data_letters!E$2:E$65)) -> 0.21259843 | F5: =(stylometry_data_letters!F5 - MIN(stylometry_data_letters!F$2:F$65))/(MAX(stylometry_data_letters!F$2:F$65) - MIN(stylometry_data_letters!F$2:F$65)) -> 0.5 | G5: =(stylometry_data_letters!G5 - MIN(stylometry_data_letters!G$2:G$65))/(MAX(stylometry_data_letters!G$2:G$65) - MIN(stylometry_data_letters!G$2:G$65)) -> 0.60169492 | H5: =(stylometry_data_letters!H5 - MIN(stylometry_data_letters!H$2:H$65))/(MAX(stylometry_data_letters!H$2:H$65) - MIN(stylometry_data_letters!H$2:H$65)) -> 0.12903226 | ... Z5: =(stylometry_data_letters!Z5 - MIN(stylometry_data_letters!Z$2:Z$65))/(MAX(stylometry_data_letters!Z$2:Z$65) - MIN(stylometry_data_letters!Z$2:Z$65)) -> 0.8012252
A6: =(stylometry_data_letters!A6 - MIN(stylometry_data_letters!A$2:A$65))/(MAX(stylometry_data_letters!A$2:A$65) - MIN(stylometry_data_letters!A$2:A$65)) -> 0.23911541 | B6: =(stylometry_data_letters!B6 - MIN(stylometry_data_letters!B$2:B$65))/(MAX(stylometry_data_letters!B$2:B$65) - MIN(stylometry_data_letters!B$2:B$65)) -> 0.45969125 | C6: =(stylometry_data_letters!C6 - MIN(stylometry_data_letters!C$2:C$65))/(MAX(stylometry_data_letters!C$2:C$65) - MIN(stylometry_data_letters!C$2:C$65)) -> 0.13095238 | D6: =(stylometry_data_letters!D6 - MIN(stylometry_data_letters!D$2:D$65))/(MAX(stylometry_data_letters!D$2:D$65) - MIN(stylometry_data_letters!D$2:D$65)) -> 0.17751479 | E6: =(stylometry_data_letters!E6 - MIN(stylometry_data_letters!E$2:E$65))/(MAX(stylometry_data_letters!E$2:E$65) - MIN(stylometry_data_letters!E$2:E$65)) -> 0.54330709 | F6: =(stylometry_data_letters!F6 - MIN(stylometry_data_letters!F$2:F$65))/(MAX(stylometry_data_letters!F$2:F$65) - MIN(stylometry_data_letters!F$2:F$65)) -> 0.25373134 | G6: =(stylometry_data_letters!G6 - MIN(stylometry_data_letters!G$2:G$65))/(MAX(stylometry_data_letters!G$2:G$65) - MIN(stylometry_data_letters!G$2:G$65)) -> 0.59322034 | H6: =(stylometry_data_letters!H6 - MIN(stylometry_data_letters!H$2:H$65))/(MAX(stylometry_data_letters!H$2:H$65) - MIN(stylometry_data_letters!H$2:H$65)) -> 0.19354839 | ... Z6: =(stylometry_data_letters!Z6 - MIN(stylometry_data_letters!Z$2:Z$65))/(MAX(stylometry_data_letters!Z$2:Z$65) - MIN(stylometry_data_letters!Z$2:Z$65)) -> 0.64880437
A7: =(stylometry_data_letters!A7 - MIN(stylometry_data_letters!A$2:A$65))/(MAX(stylometry_data_letters!A$2:A$65) - MIN(stylometry_data_letters!A$2:A$65)) -> 0.18382861 | B7: =(stylometry_data_letters!B7 - MIN(stylometry_data_letters!B$2:B$65))/(MAX(stylometry_data_letters!B$2:B$65) - MIN(stylometry_data_letters!B$2:B$65)) -> 0.567753 | C7: =(stylometry_data_letters!C7 - MIN(stylometry_data_letters!C$2:C$65))/(MAX(stylometry_data_letters!C$2:C$65) - MIN(stylometry_data_letters!C$2:C$65)) -> 0.21428571 | D7: =(stylometry_data_letters!D7 - MIN(stylometry_data_letters!D$2:D$65))/(MAX(stylometry_data_letters!D$2:D$65) - MIN(stylometry_data_letters!D$2:D$65)) -> 0.43786982 | E7: =(stylometry_data_letters!E7 - MIN(stylometry_data_letters!E$2:E$65))/(MAX(stylometry_data_letters!E$2:E$65) - MIN(stylometry_data_letters!E$2:E$65)) -> 0.25984252 | F7: =(stylometry_data_letters!F7 - MIN(stylometry_data_letters!F$2:F$65))/(MAX(stylometry_data_letters!F$2:F$65) - MIN(stylometry_data_letters!F$2:F$65)) -> 0.45522388 | G7: =(stylometry_data_letters!G7 - MIN(stylometry_data_letters!G$2:G$65))/(MAX(stylometry_data_letters!G$2:G$65) - MIN(stylometry_data_letters!G$2:G$65)) -> 0.91525424 | H7: =(stylometry_data_letters!H7 - MIN(stylometry_data_letters!H$2:H$65))/(MAX(stylometry_data_letters!H$2:H$65) - MIN(stylometry_data_letters!H$2:H$65)) -> 0.17741935 | ... Z7: =(stylometry_data_letters!Z7 - MIN(stylometry_data_letters!Z$2:Z$65))/(MAX(stylometry_data_letters!Z$2:Z$65) - MIN(stylometry_data_letters!Z$2:Z$65)) -> 0.70374439
A8: =(stylometry_data_letters!A8 - MIN(stylometry_data_letters!A$2:A$65))/(MAX(stylometry_data_letters!A$2:A$65) - MIN(stylometry_data_letters!A$2:A$65)) -> 0.33310297 | B8: =(stylometry_data_letters!B8 - MIN(stylometry_data_letters!B$2:B$65))/(MAX(stylometry_data_letters!B$2:B$65) - MIN(stylometry_data_letters!B$2:B$65)) -> 0.44082333 | C8: =(stylometry_data_letters!C8 - MIN(stylometry_data_letters!C$2:C$65))/(MAX(stylometry_data_letters!C$2:C$65) - MIN(stylometry_data_letters!C$2:C$65)) -> 0.23809524 | D8: =(stylometry_data_letters!D8 - MIN(stylometry_data_letters!D$2:D$65))/(MAX(stylometry_data_letters!D$2:D$65) - MIN(stylometry_data_letters!D$2:D$65)) -> 0.35502959 | E8: =(stylometry_data_letters!E8 - MIN(stylometry_data_letters!E$2:E$65))/(MAX(stylometry_data_letters!E$2:E$65) - MIN(stylometry_data_letters!E$2:E$65)) -> 0.49606299 | F8: =(stylometry_data_letters!F8 - MIN(stylometry_data_letters!F$2:F$65))/(MAX(stylometry_data_letters!F$2:F$65) - MIN(stylometry_data_letters!F$2:F$65)) -> 0.32089552 | G8: =(stylometry_data_letters!G8 - MIN(stylometry_data_letters!G$2:G$65))/(MAX(stylometry_data_letters!G$2:G$65) - MIN(stylometry_data_letters!G$2:G$65)) -> 0.8559322 | H8: =(stylometry_data_letters!H8 - MIN(stylometry_data_letters!H$2:H$65))/(MAX(stylometry_data_letters!H$2:H$65) - MIN(stylometry_data_letters!H$2:H$65)) -> 0.19354839 | ... Z8: =(stylometry_data_letters!Z8 - MIN(stylometry_data_letters!Z$2:Z$65))/(MAX(stylometry_data_letters!Z$2:Z$65) - MIN(stylometry_data_letters!Z$2:Z$65)) -> 0.70517806
A9: =(stylometry_data_letters!A9 - MIN(stylometry_data_letters!A$2:A$65))/(MAX(stylometry_data_letters!A$2:A$65) - MIN(stylometry_data_letters!A$2:A$65)) -> 0.61437457 | B9: =(stylometry_data_letters!B9 - MIN(stylometry_data_letters!B$2:B$65))/(MAX(stylometry_data_letters!B$2:B$65) - MIN(stylometry_data_letters!B$2:B$65)) -> 0.4974271 | C9: =(stylometry_data_letters!C9 - MIN(stylometry_data_letters!C$2:C$65))/(MAX(stylometry_data_letters!C$2:C$65) - MIN(stylometry_data_letters!C$2:C$65)) -> 0.5 | D9: =(stylometry_data_letters!D9 - MIN(stylometry_data_letters!D$2:D$65))/(MAX(stylometry_data_letters!D$2:D$65) - MIN(stylometry_data_letters!D$2:D$65)) -> 0.34319527 | E9: =(stylometry_data_letters!E9 - MIN(stylometry_data_letters!E$2:E$65))/(MAX(stylometry_data_letters!E$2:E$65) - MIN(stylometry_data_letters!E$2:E$65)) -> 0.039370079 | F9: =(stylometry_data_letters!F9 - MIN(stylometry_data_letters!F$2:F$65))/(MAX(stylometry_data_letters!F$2:F$65) - MIN(stylometry_data_letters!F$2:F$65)) -> 0.13432836 | G9: =(stylometry_data_letters!G9 - MIN(stylometry_data_letters!G$2:G$65))/(MAX(stylometry_data_letters!G$2:G$65) - MIN(stylometry_data_letters!G$2:G$65)) -> 0.44067797 | H9: =(stylometry_data_letters!H9 - MIN(stylometry_data_letters!H$2:H$65))/(MAX(stylometry_data_letters!H$2:H$65) - MIN(stylometry_data_letters!H$2:H$65)) -> 0.87096774 | ... Z9: =(stylometry_data_letters!Z9 - MIN(stylometry_data_letters!Z$2:Z$65))/(MAX(stylometry_data_letters!Z$2:Z$65) - MIN(stylometry_data_letters!Z$2:Z$65)) -> 1
A10: =(stylometry_data_letters!A10 - MIN(stylometry_data_letters!A$2:A$65))/(MAX(stylometry_data_letters!A$2:A$65) - MIN(stylometry_data_letters!A$2:A$65)) -> 0.50863856 | B10: =(stylometry_data_letters!B10 - MIN(stylometry_data_letters!B$2:B$65))/(MAX(stylometry_data_letters!B$2:B$65) - MIN(stylometry_data_letters!B$2:B$65)) -> 0.23327616 | C10: =(stylometry_data_letters!C10 - MIN(stylometry_data_letters!C$2:C$65))/(MAX(stylometry_data_letters!C$2:C$65) - MIN(stylometry_data_letters!C$2:C$65)) -> 0.16666667 | D10: =(stylometry_data_letters!D10 - MIN(stylometry_data_letters!D$2:D$65))/(MAX(stylometry_data_letters!D$2:D$65) - MIN(stylometry_data_letters!D$2:D$65)) -> 0.31360947 | E10: =(stylometry_data_letters!E10 - MIN(stylometry_data_letters!E$2:E$65))/(MAX(stylometry_data_letters!E$2:E$65) - MIN(stylometry_data_letters!E$2:E$65)) -> 0.047244094 | F10: =(stylometry_data_letters!F10 - MIN(stylometry_data_letters!F$2:F$65))/(MAX(stylometry_data_letters!F$2:F$65) - MIN(stylometry_data_letters!F$2:F$65)) -> 0.082089552 | G10: =(stylometry_data_letters!G10 - MIN(stylometry_data_letters!G$2:G$65))/(MAX(stylometry_data_letters!G$2:G$65) - MIN(stylometry_data_letters!G$2:G$65)) -> 0.40677966 | H10: =(stylometry_data_letters!H10 - MIN(stylometry_data_letters!H$2:H$65))/(MAX(stylometry_data_letters!H$2:H$65) - MIN(stylometry_data_letters!H$2:H$65)) -> 0.25806452 | ... Z10: =(stylometry_data_letters!Z10 - MIN(stylometry_data_letters!Z$2:Z$65))/(MAX(stylometry_data_letters!Z$2:Z$65) - MIN(stylometry_data_letters!Z$2:Z$65)) -> 0.49905743
A11: =(stylometry_data_letters!A11 - MIN(stylometry_data_letters!A$2:A$65))/(MAX(stylometry_data_letters!A$2:A$65) - MIN(stylometry_data_letters!A$2:A$65)) -> 0.73876987 | B11: =(stylometry_data_letters!B11 - MIN(stylometry_data_letters!B$2:B$65))/(MAX(stylometry_data_letters!B$2:B$65) - MIN(stylometry_data_letters!B$2:B$65)) -> 0.24528302 | C11: =(stylometry_data_letters!C11 - MIN(stylometry_data_letters!C$2:C$65))/(MAX(stylometry_data_letters!C$2:C$65) - MIN(stylometry_data_letters!C$2:C$65)) -> 0.095238095 | D11: =(stylometry_data_letters!D11 - MIN(stylometry_data_letters!D$2:D$65))/(MAX(stylometry_data_letters!D$2:D$65) - MIN(stylometry_data_letters!D$2:D$65)) -> 0.31360947 | E11: =(stylometry_data_letters!E11 - MIN(stylometry_data_letters!E$2:E$65))/(MAX(stylometry_data_letters!E$2:E$65) - MIN(stylometry_data_letters!E$2:E$65)) -> 0.29133858 | F11: =(stylometry_data_letters!F11 - MIN(stylometry_data_letters!F$2:F$65))/(MAX(stylometry_data_letters!F$2:F$65) - MIN(stylometry_data_letters!F$2:F$65)) -> 0.18656716 | G11: =(stylometry_data_letters!G11 - MIN(stylometry_data_letters!G$2:G$65))/(MAX(stylometry_data_letters!G$2:G$65) - MIN(stylometry_data_letters!G$2:G$65)) -> 0.13559322 | H11: =(stylometry_data_letters!H11 - MIN(stylometry_data_letters!H$2:H$65))/(MAX(stylometry_data_letters!H$2:H$65) - MIN(stylometry_data_letters!H$2:H$65)) -> 0.11290323 | ... Z11: =(stylometry_data_letters!Z11 - MIN(stylometry_data_letters!Z$2:Z$65))/(MAX(stylometry_data_letters!Z$2:Z$65) - MIN(stylometry_data_letters!Z$2:Z$65)) -> 0.32777397
A12: =(stylometry_data_letters!A12 - MIN(stylometry_data_letters!A$2:A$65))/(MAX(stylometry_data_letters!A$2:A$65) - MIN(stylometry_data_letters!A$2:A$65)) -> 0.58673117 | B12: =(stylometry_data_letters!B12 - MIN(stylometry_data_letters!B$2:B$65))/(MAX(stylometry_data_letters!B$2:B$65) - MIN(stylometry_data_letters!B$2:B$65)) -> 0.36535163 | C12: =(stylometry_data_letters!C12 - MIN(stylometry_data_letters!C$2:C$65))/(MAX(stylometry_data_letters!C$2:C$65) - MIN(stylometry_data_letters!C$2:C$65)) -> 0.25 | D12: =(stylometry_data_letters!D12 - MIN(stylometry_data_letters!D$2:D$65))/(MAX(stylometry_data_letters!D$2:D$65) - MIN(stylometry_data_letters!D$2:D$65)) -> 0.25443787 | E12: =(stylometry_data_letters!E12 - MIN(stylometry_data_letters!E$2:E$65))/(MAX(stylometry_data_letters!E$2:E$65) - MIN(stylometry_data_letters!E$2:E$65)) -> 0.086614173 | F12: =(stylometry_data_letters!F12 - MIN(stylometry_data_letters!F$2:F$65))/(MAX(stylometry_data_letters!F$2:F$65) - MIN(stylometry_data_letters!F$2:F$65)) -> 0.14179104 | G12: =(stylometry_data_letters!G12 - MIN(stylometry_data_letters!G$2:G$65))/(MAX(stylometry_data_letters!G$2:G$65) - MIN(stylometry_data_letters!G$2:G$65)) -> 0.26271186 | H12: =(stylometry_data_letters!H12 - MIN(stylometry_data_letters!H$2:H$65))/(MAX(stylometry_data_letters!H$2:H$65) - MIN(stylometry_data_letters!H$2:H$65)) -> 0.12903226 | ... Z12: =(stylometry_data_letters!Z12 - MIN(stylometry_data_letters!Z$2:Z$65))/(MAX(stylometry_data_letters!Z$2:Z$65) - MIN(stylometry_data_letters!Z$2:Z$65)) -> 0.36401897
A13: =(stylometry_data_letters!A13 - MIN(stylometry_data_letters!A$2:A$65))/(MAX(stylometry_data_letters!A$2:A$65) - MIN(stylometry_data_letters!A$2:A$65)) -> 0.7788528 | B13: =(stylometry_data_letters!B13 - MIN(stylometry_data_letters!B$2:B$65))/(MAX(stylometry_data_letters!B$2:B$65) - MIN(stylometry_data_letters!B$2:B$65)) -> 0.96740995 | C13: =(stylometry_data_letters!C13 - MIN(stylometry_data_letters!C$2:C$65))/(MAX(stylometry_data_letters!C$2:C$65) - MIN(stylometry_data_letters!C$2:C$65)) -> 0.20238095 | D13: =(stylometry_data_letters!D13 - MIN(stylometry_data_letters!D$2:D$65))/(MAX(stylometry_data_letters!D$2:D$65) - MIN(stylometry_data_letters!D$2:D$65)) -> 0.40828402 | E13: =(stylometry_data_letters!E13 - MIN(stylometry_data_letters!E$2:E$65))/(MAX(stylometry_data_letters!E$2:E$65) - MIN(stylometry_data_letters!E$2:E$65)) -> 0.13385827 | F13: =(stylometry_data_letters!F13 - MIN(stylometry_data_letters!F$2:F$65))/(MAX(stylometry_data_letters!F$2:F$65) - MIN(stylometry_data_letters!F$2:F$65)) -> 0.059701493 | G13: =(stylometry_data_letters!G13 - MIN(stylometry_data_letters!G$2:G$65))/(MAX(stylometry_data_letters!G$2:G$65) - MIN(stylometry_data_letters!G$2:G$65)) -> 0.77118644 | H13: =(stylometry_data_letters!H13 - MIN(stylometry_data_letters!H$2:H$65))/(MAX(stylometry_data_letters!H$2:H$65) - MIN(stylometry_data_letters!H$2:H$65)) -> 0.22580645 | ... Z13: =(stylometry_data_letters!Z13 - MIN(stylometry_data_letters!Z$2:Z$65))/(MAX(stylometry_data_letters!Z$2:Z$65) - MIN(stylometry_data_letters!Z$2:Z$65)) -> 0.55890706
... A65: =(stylometry_data_letters!A65 - MIN(stylometry_data_letters!A$2:A$65))/(MAX(stylometry_data_letters!A$2:A$65) - MIN(stylometry_data_letters!A$2:A$65)) -> 0 | B65: =(stylometry_data_letters!B65 - MIN(stylometry_data_letters!B$2:B$65))/(MAX(stylometry_data_letters!B$2:B$65) - MIN(stylometry_data_letters!B$2:B$65)) -> 0.42024014 | C65: =(stylometry_data_letters!C65 - MIN(stylometry_data_letters!C$2:C$65))/(MAX(stylometry_data_letters!C$2:C$65) - MIN(stylometry_data_letters!C$2:C$65)) -> 0.39285714 | D65: =(stylometry_data_letters!D65 - MIN(stylometry_data_letters!D$2:D$65))/(MAX(stylometry_data_letters!D$2:D$65) - MIN(stylometry_data_letters!D$2:D$65)) -> 0.43786982 | E65: =(stylometry_data_letters!E65 - MIN(stylometry_data_letters!E$2:E$65))/(MAX(stylometry_data_letters!E$2:E$65) - MIN(stylometry_data_letters!E$2:E$65)) -> 0.47244094 | F65: =(stylometry_data_letters!F65 - MIN(stylometry_data_letters!F$2:F$65))/(MAX(stylometry_data_letters!F$2:F$65) - MIN(stylometry_data_letters!F$2:F$65)) -> 0.55223881 | G65: =(stylometry_data_letters!G65 - MIN(stylometry_data_letters!G$2:G$65))/(MAX(stylometry_data_letters!G$2:G$65) - MIN(stylometry_data_letters!G$2:G$65)) -> 0.27966102 | H65: =(stylometry_data_letters!H65 - MIN(stylometry_data_letters!H$2:H$65))/(MAX(stylometry_data_letters!H$2:H$65) - MIN(stylometry_data_letters!H$2:H$65)) -> 0.33870968 | ... Z65: =(stylometry_data_letters!Z65 - MIN(stylometry_data_letters!Z$2:Z$65))/(MAX(stylometry_data_letters!Z$2:Z$65) - MIN(stylometry_data_letters!Z$2:Z$65)) -> 0.18010186

Sheet Values
A1: 0.0967519 | B1: 0 | C1: 0.26190476 | D1: 0.25443787 | E1: 0.13385827 | F1: 0.40298507 | G1: 0.15254237 | H1: 0.032258065 | I1: 0 | J1: 0.27272727 | K1: 0 | L1: 0.51351351 | M1: 0.16129032 | N1: 0.23411371 | O1: 0.11515152 | P1: 0.32673267 | Q1: 0.57522124 | R1: 0 | S1: 0.28205128 | T1: 0.28513365 | U1: 0.54766096 | V1: 0.11818182 | W1: 0.04 | X1: 0.37972167 | Y1: 0.24 | Z1: 0.37742222
A2: 0.28058051 | B2: 0.43567753 | C2: 0.27380952 | D2: 0.10650888 | E2: 0.41732283 | F2: 0.29850746 | G2: 0.54237288 | H2: 0.19354839 | I2: 0 | J2: 0.18181818 | K2: 0 | L2: 0.40540541 | M2: 0 | N2: 0.46822742 | O2: 0.40606061 | P2: 0.46534653 | Q2: 0.46460177 | R2: 0.28384279 | S2: 0.82051282 | T2: 0.65209547 | U2: 0.72661812 | V2: 0.38181818 | W2: 0.57 | X2: 0.69184891 | Y2: 0 | Z2: 0.59414201
A3: 0.30960608 | B3: 0.26758148 | C3: 0.3452381 | D3: 0.088757396 | E3: 0.34645669 | F3: 0.36567164 | G3: 0.6779661 | H3: 0.5 | I3: 0 | J3: 0.45454545 | K3: 0.45454545 | L3: 0.91891892 | M3: 0 | N3: 0.5083612 | O3: 0.55454545 | P3: 0.42244224 | Q3: 0.54867257 | R3: 0.24454148 | S3: 0.74358974 | T3: 0.61576426 | U3: 0.5224694 | V3: 0.3 | W3: 0.47 | X3: 0.48310139 | Y3: 0.4 | Z3: 0.58248544
A4: 0.25431928 | B4: 0.49914237 | C4: 0.30952381 | D4: 0.15384615 | E4: 0.21259843 | F4: 0.5 | G4: 0.60169492 | H4: 0.12903226 | I4: 0 | J4: 1 | K4: 0 | L4: 0.43243243 | M4: 0 | N4: 0.50167224 | O4: 0.29393939 | P4: 0.65676568 | Q4: 0.19911504 | R4: 0.56768559 | S4: 0.46153846 | T4: 1 | U4: 0.78726166 | V4: 0.18181818 | W4: 0.35 | X4: 0.51888668 | Y4: 0.12 | Z4: 0.8012252
A5: 0.23911541 | B5: 0.45969125 | C5: 0.13095238 | D5: 0.17751479 | E5: 0.54330709 | F5: 0.25373134 | G5: 0.59322034 | H5: 0.19354839 | I5: 0.5 | J5: 0.36363636 | K5: 0 | L5: 0.2972973 | M5: 0 | N5: 0.46488294 | O5: 0.3969697 | P5: 0.54785479 | Q5: 0.34513274 | R5: 0.44104803 | S5: 1 | T5: 0.59438442 | U5: 0.48265843 | V5: 0.30909091 | W5: 0.22 | X5: 0.52882704 | Y5: 0 | Z5: 0.64880437
A6: 0.18382861 | B6: 0.567753 | C6: 0.21428571 | D6: 0.43786982 | E6: 0.25984252 | F6: 0.45522388 | G6: 0.91525424 | H6: 0.17741935 | I6: 0 | J6: 0.36363636 | K6: 0 | L6: 0.24324324 | M6: 0 | N6: 0.53177258 | O6: 0.32121212 | P6: 0.83168317 | Q6: 0.33185841 | R6: 0.14847162 | S6: 0.56410256 | T6: 0.76471808 | U6: 0.50061941 | V6: 0.43636364 | W6: 0.32 | X6: 0.74751491 | Y6: 0 | Z6: 0.70374439
A7: 0.33310297 | B7: 0.44082333 | C7: 0.23809524 | D7: 0.35502959 | E7: 0.49606299 | F7: 0.32089552 | G7: 0.8559322 | H7: 0.19354839 | I7: 0.25 | J7: 0.18181818 | K7: 0 | L7: 0.40540541 | M7: 0 | N7: 0.54849498 | O7: 0.44848485 | P7: 0.72937294 | Q7: 0.38495575 | R7: 0.26200873 | S7: 0.66666667 | T7: 0.71322813 | U7: 0.44602536 | V7: 0.82727273 | W7: 0.18 | X7: 1 | Y7: 0.08 | Z7: 0.70517806
A8: 0.61437457 | B8: 0.4974271 | C8: 0.5 | D8: 0.34319527 | E8: 0.039370079 | F8: 0.13432836 | G8: 0.44067797 | H8: 0.87096774 | I8: 0 | J8: 0 | K8: 0.18181818 | L8: 0 | M8: 0.22580645 | N8: 0.6187291 | O8: 0.13939394 | P8: 0.8679868 | Q8: 0.044247788 | R8: 0.4279476 | S8: 0.25641026 | T8: 0.992825 | U8: 0.61016207 | V8: 0.2 | W8: 0.53 | X8: 0.68389662 | Y8: 0 | Z8: 1
A9: 0.50863856 | B9: 0.23327616 | C9: 0.16666667 | D9: 0.31360947 | E9: 0.047244094 | F9: 0.082089552 | G9: 0.40677966 | H9: 0.25806452 | I9: 0.5 | J9: 0.18181818 | K9: 0.18181818 | L9: 0.32432432 | M9: 0.22580645 | N9: 0.43478261 | O9: 0.32121212 | P9: 0.6039604 | Q9: 0.14159292 | R9: 0.47598253 | S9: 0.23076923 | T9: 0.54926073 | U9: 0.72145633 | V9: 0.16363636 | W9: 0.43 | X9: 0.49304175 | Y9: 0.16 | Z9: 0.49905743
A10: 0.73876987 | B10: 0.24528302 | C10: 0.095238095 | D10: 0.31360947 | E10: 0.29133858 | F10: 0.18656716 | G10: 0.13559322 | H10: 0.11290323 | I10: 1 | J10: 0.27272727 | K10: 0.72727273 | L10: 0.21621622 | M10: 0.5483871 | N10: 0.52508361 | O10: 0.31515152 | P10: 0.58745875 | Q10: 0.2920354 | R10: 0.56768559 | S10: 0.076923077 | T10: 0.50519462 | U10: 0.79288733 | V10: 0.27272727 | W10: 0.93 | X10: 0.12326044 | Y10: 0 | Z10: 0.32777397
A11: 0.58673117 | B11: 0.36535163 | C11: 0.25 | D11: 0.25443787 | E11: 0.086614173 | F11: 0.14179104 | G11: 0.26271186 | H11: 0.12903226 | I11: 0.625 | J11: 0.18181818 | K11: 0.63636364 | L11: 0.56756757 | M11: 0.51612903 | N11: 0.62207358 | O11: 0.23636364 | P11: 0.61386139 | Q11: 0.17699115 | R11: 0.42358079 | S11: 0.051282051 | T11: 0.44138689 | U11: 0.89054768 | V11: 0.018181818 | W11: 0.37 | X11: 0.73956262 | Y11: 0.08 | Z11: 0.36401897
A12: 0.7788528 | B12: 0.96740995 | C12: 0.20238095 | D12: 0.40828402 | E12: 0.13385827 | F12: 0.059701493 | G12: 0.77118644 | H12: 0.22580645 | I12: 0 | J12: 0.18181818 | K12: 0.18181818 | L12: 0.081081081 | M12: 0.87096774 | N12: 0.94314381 | O12: 0.28181818 | P12: 0.88778878 | Q12: 0 | R12: 1 | S12: 0.35897436 | T12: 0.51859071 | U12: 0.77983208 | V12: 0 | W12: 0.58 | X12: 0.74950298 | Y12: 0 | Z12: 0.55890706
... A64: 0 | B64: 0.42024014 | C64: 0.39285714 | D64: 0.43786982 | E64: 0.47244094 | F64: 0.55223881 | G64: 0.27966102 | H64: 0.33870968 | I64: 0 | J64: 0.63636364 | K64: 0.090909091 | L64: 0.40540541 | M64: 0.16129032 | N64: 0.10702341 | O64: 0.27575758 | P64: 0.44554455 | Q64: 0.81858407 | R64: 0.19213974 | S64: 0.076923077 | T64: 0.23830952 | U64: 0.19413893 | V64: 0.24545455 | W64: 0.28 | X64: 0.36779324 | Y64: 0.08 | Z64: 0.18010186

Sheet stylometry_data_letters
A1: Personal Pronouns | B1: Demonstrative Pronouns | C1: Quidam | D1: Reflexive Pronouns | E1: Iste | F1: Alius | G1: Ipse | H1: Idem | I1: Priusquam | J1: Antequam | K1: Quominus | L1: Dum | M1: Quin | N1: Ut | O1: Conditionals | P1: Prepositions | Q1: Interrogative Sentences | R1: Superlatives | S1: Atque + consonant | T1: Relative Clauses | U1: Mean Length Relative Clauses | V1: Gerunds and Gerundives | W1: Cum | X1: Conjunctions | Y1: Vocatives | Z1: Mean Sentence Length | AA1: Corpus Name
A2: 0.00362 | B2: 0.00412 | C2: 0.00022 | D2: 0.00072 | E2: 0.00022 | F2: 0.00063 | G2: 0.0005 | H2: 0.0002 | I2: 0 | J2: 3e-05 | K2: 0 | L2: 0.00019 | M2: 5e-05 | N2: 0.00165 | O2: 0.00141 | P2: 0.0034 | Q2: 0.00132 | R2: 0.00031 | S2: 0.00011 | T2: 0.44373 | U2: 30.5404 | V2: 0.00048 | W2: 0.0003 | X2: 0.01442 | Y2: 6e-05 | Z2: 106.94987 | AA2: Jerome Epistulae Selections
A3: 0.00628 | B3: 0.00666 | C3: 0.00023 | D3: 0.00047 | E3: 0.00058 | F3: 0.00049 | G3: 0.00096 | H3: 0.0003 | I3: 0 | J3: 2e-05 | K3: 0 | L3: 0.00015 | M3: 0 | N3: 0.00235 | O3: 0.00237 | P3: 0.00382 | Q3: 0.00107 | R3: 0.00096 | S3: 0.00032 | T3: 0.62069 | U3: 33.17529 | V3: 0.00077 | W3: 0.00083 | X3: 0.01599 | Y3: 0 | Z3: 138.16224 | AA3: Augustine Epistulae Selections Part 1 1-10
A4: 0.0067 | B4: 0.00568 | C4: 0.00029 | D4: 0.00044 | E4: 0.00049 | F4: 0.00058 | G4: 0.00112 | H4: 0.00049 | I4: 0 | J4: 5e-05 | K4: 5e-05 | L4: 0.00034 | M4: 0 | N4: 0.00247 | O4: 0.00286 | P4: 0.00369 | Q4: 0.00126 | R4: 0.00087 | S4: 0.00029 | T4: 0.60317 | U4: 30.16949 | V4: 0.00068 | W4: 0.00073 | X4: 0.01494 | Y4: 0.0001 | Z4: 136.48344 | AA4: Augustine Epistulae Selections Part 2 11-20
A5: 0.0059 | B5: 0.00703 | C5: 0.00026 | D5: 0.00055 | E5: 0.00032 | F5: 0.00076 | G5: 0.00103 | H5: 0.00026 | I5: 0 | J5: 0.00011 | K5: 0 | L5: 0.00016 | M5: 0 | N5: 0.00245 | O5: 0.002 | P5: 0.0044 | Q5: 0.00047 | R5: 0.00161 | S5: 0.00018 | T5: 0.78846 | U5: 34.06818 | V5: 0.00055 | W5: 0.00061 | X5: 0.01512 | Y5: 3e-05 | Z5: 167.98673 | AA5: Augustine Epistulae Selections Part 3 21-30
A6: 0.00568 | B6: 0.0068 | C6: 0.00011 | D6: 0.00059 | E6: 0.00074 | F6: 0.00043 | G6: 0.00102 | H6: 0.0003 | I6: 4e-05 | J6: 4e-05 | K6: 0 | L6: 0.00011 | M6: 0 | N6: 0.00234 | O6: 0.00234 | P6: 0.00407 | Q6: 0.0008 | R6: 0.00132 | S6: 0.00039 | T6: 0.59286 | U6: 29.58333 | V6: 0.00069 | W6: 0.00048 | X6: 0.01517 | Y6: 0 | Z6: 146.03481 | AA6: Augustine Epistulae Selections Part 4 31-40
A7: 0.00488 | B7: 0.00743 | C7: 0.00018 | D7: 0.00103 | E7: 0.00038 | F7: 0.0007 | G7: 0.0014 | H7: 0.00029 | I7: 0 | J7: 4e-05 | K7: 0 | L7: 9e-05 | M7: 0 | N7: 0.00254 | O7: 0.00209 | P7: 0.00493 | Q7: 0.00077 | R7: 0.00065 | S7: 0.00022 | T7: 0.675 | U7: 29.84778 | V7: 0.00083 | W7: 0.00058 | X7: 0.01627 | Y7: 0 | Z7: 153.94737 | AA7: Augustine Epistulae Selections Part 5 41-50
A8: 0.00704 | B8: 0.00669 | C8: 0.0002 | D8: 0.00089 | E8: 0.00068 | F8: 0.00052 | G8: 0.00133 | H8: 0.0003 | I8: 2e-05 | J8: 2e-05 | K8: 0 | L8: 0.00015 | M8: 0 | N8: 0.00259 | O8: 0.00251 | P8: 0.00462 | Q8: 0.00089 | R8: 0.00091 | S8: 0.00026 | T8: 0.65017 | U8: 29.04396 | V8: 0.00126 | W8: 0.00044 | X8: 0.01754 | Y8: 2e-05 | Z8: 154.15385 | AA8: Augustine Epistulae Selections Part 6 51-62
A9: 0.01111 | B9: 0.00702 | C9: 0.00042 | D9: 0.00087 | E9: 0.0001 | F9: 0.00027 | G9: 0.00084 | H9: 0.00072 | I9: 0 | J9: 0 | K9: 2e-05 | L9: 0 | M9: 7e-05 | N9: 0.0028 | O9: 0.00149 | P9: 0.00504 | Q9: 0.00012 | R9: 0.00129 | S9: 0.0001 | T9: 0.785 | U9: 31.46064 | V9: 0.00057 | W9: 0.00079 | X9: 0.01595 | Y9: 0 | Z9: 196.61463 | AA9: Cicero Epistulae Ad Familiares Part 1 Ad Lentulum
A10: 0.00958 | B10: 0.00548 | C10: 0.00014 | D10: 0.00082 | E10: 0.00011 | F10: 0.0002 | G10: 0.0008 | H10: 0.00034 | I10: 4e-05 | J10: 2e-05 | K10: 2e-05 | L10: 0.00012 | M10: 7e-05 | N10: 0.00225 | O10: 0.00209 | P10: 0.00424 | Q10: 0.00034 | R10: 0.0014 | S10: 9e-05 | T10: 0.5711 | U10: 33.09929 | V10: 0.00053 | W10: 0.00069 | X10: 0.01499 | Y10: 4e-05 | Z10: 124.46799 | AA10: Cicero Epistulae Ad Familiares Part 10 Ad Plancum Et Ceteros
A11: 0.01291 | B11: 0.00555 | C11: 8e-05 | D11: 0.00082 | E11: 0.00042 | F11: 0.00034 | G11: 0.00048 | H11: 0.00025 | I11: 8e-05 | J11: 3e-05 | K11: 8e-05 | L11: 8e-05 | M11: 0.00017 | N11: 0.00252 | O11: 0.00207 | P11: 0.00419 | Q11: 0.00068 | R11: 0.00161 | S11: 3e-05 | T11: 0.54985 | U11: 34.15101 | V11: 0.00065 | W11: 0.00119 | X11: 0.01313 | Y11: 0 | Z11: 99.79944 | AA11: Cicero Epistulae Ad Familiares Part 11 At Brutum Et Ceteros
A12: 0.01071 | B12: 0.00625 | C12: 0.00021 | D12: 0.00072 | E12: 0.00016 | F12: 0.00028 | G12: 0.00063 | H12: 0.00026 | I12: 5e-05 | J12: 2e-05 | K12: 7e-05 | L12: 0.00021 | M12: 0.00016 | N12: 0.00281 | O12: 0.00181 | P12: 0.00427 | Q12: 0.00042 | R12: 0.00128 | S12: 2e-05 | T12: 0.51908 | U12: 35.58892 | V12: 0.00037 | W12: 0.00063 | X12: 0.01623 | Y12: 2e-05 | Z12: 105.01951 | AA12: Cicero Epistulae Ad Familiares Part 12 Ad Cassium Et Ceteros
A13: 0.01349 | B13: 0.00976 | C13: 0.00017 | D13: 0.00098 | E13: 0.00022 | F13: 0.00017 | G13: 0.00123 | H13: 0.00032 | I13: 0 | J13: 2e-05 | K13: 2e-05 | L13: 3e-05 | M13: 0.00027 | N13: 0.00377 | O13: 0.00196 | P13: 0.0051 | Q13: 2e-05 | R13: 0.0026 | S13: 0.00014 | T13: 0.55631 | U13: 33.95879 | V13: 0.00035 | W13: 0.00084 | X13: 0.01628 | Y13: 0 | Z13: 133.08764 | AA13: Cicero Epistulae Ad Familiares Part 13 Ad Memmium Et Ceteros
... A65: 0.00222 | B65: 0.00657 | C65: 0.00033 | D65: 0.00103 | E65: 0.00065 | F65: 0.00083 | G65: 0.00065 | H65: 0.00039 | I65: 0 | J65: 7e-05 | K65: 1e-05 | L65: 0.00015 | M65: 5e-05 | N65: 0.00127 | O65: 0.00194 | P65: 0.00376 | Q65: 0.00187 | R65: 0.00075 | S65: 3e-05 | T65: 0.42115 | U65: 25.33529 | V65: 0.00062 | W65: 0.00054 | X65: 0.01436 | Y65: 2e-05 | Z65: 78.53144 | AA65: Seneca Ad Lucilium Epistulae Morales Part 9 81-90
