Workbook

Sheet Transformed
A1: Personal Pronouns | B1: Demonstrative Pronouns | C1: Quidam | D1: Reflexive Pronouns | E1: Iste | F1: Alius | G1: Ipse | H1: Idem | I1: Priusquam | J1: Antequam | K1: Quominus | L1: Dum | M1: Quin | N1: Ut | O1: Conditionals | P1: Prepositions | Q1: Interrogative Sentences | R1: Superlatives | S1: Atque + consonant | T1: Relative Clauses | U1: Mean Length Relative Clauses | V1: Gerunds and Gerundives | W1: Cum | X1: Conjunctions | Y1: Vocatives | Z1: Mean Sentence Length | AA1: Corpus Name
A2: =(stylometry_data_drama!A2 - MIN(stylometry_data_drama!A$2:A$37))/(MAX(stylometry_data_drama!A$2:A$37) - MIN(stylometry_data_drama!A$2:A$37)) -> 0.76299797 | B2: =(stylometry_data_drama!B2 - MIN(stylometry_data_drama!B$2:B$37))/(MAX(stylometry_data_drama!B$2:B$37) - MIN(stylometry_data_drama!B$2:B$37)) -> 0.63492063 | C2: =(stylometry_data_drama!C2 - MIN(stylometry_data_drama!C$2:C$37))/(MAX(stylometry_data_drama!C$2:C$37) - MIN(stylometry_data_drama!C$2:C$37)) -> 0.088888889 | D2: =(stylometry_data_drama!D2 - MIN(stylometry_data_drama!D$2:D$37))/(MAX(stylometry_data_drama!D$2:D$37) - MIN(stylometry_data_drama!D$2:D$37)) -> 0.66019417 | E2: =(stylometry_data_drama!E2 - MIN(stylometry_data_drama!E$2:E$37))/(MAX(stylometry_data_drama!E$2:E$37) - MIN(stylometry_data_drama!E$2:E$37)) -> 0.25 | F2: =(stylometry_data_drama!F2 - MIN(stylometry_data_drama!F$2:F$37))/(MAX(stylometry_data_drama!F$2:F$37) - MIN(stylometry_data_drama!F$2:F$37)) -> 0.40625 | G2: =(stylometry_data_drama!G2 - MIN(stylometry_data_drama!G$2:G$37))/(MAX(stylometry_data_drama!G$2:G$37) - MIN(stylometry_data_drama!G$2:G$37)) -> 0.10989011 | H2: =(stylometry_data_drama!H2 - MIN(stylometry_data_drama!H$2:H$37))/(MAX(stylometry_data_drama!H$2:H$37) - MIN(stylometry_data_drama!H$2:H$37)) -> 0.65454545 | ... Z2: =(stylometry_data_drama!Z2 - MIN(stylometry_data_drama!Z$2:Z$37))/(MAX(stylometry_data_drama!Z$2:Z$37) - MIN(stylometry_data_drama!Z$2:Z$37)) -> 0.23291548 | AA2: Plautus Amphitruo'
A3: =(stylometry_data_drama!A3 - MIN(stylometry_data_drama!A$2:A$37))/(MAX(stylometry_data_drama!A$2:A$37) - MIN(stylometry_data_drama!A$2:A$37)) -> 0.79945982 | B3: =(stylometry_data_drama!B3 - MIN(stylometry_data_drama!B$2:B$37))/(MAX(stylometry_data_drama!B$2:B$37) - MIN(stylometry_data_drama!B$2:B$37)) -> 0.52821869 | C3: =(stylometry_data_drama!C3 - MIN(stylometry_data_drama!C$2:C$37))/(MAX(stylometry_data_drama!C$2:C$37) - MIN(stylometry_data_drama!C$2:C$37)) -> 0 | D3: =(stylometry_data_drama!D3 - MIN(stylometry_data_drama!D$2:D$37))/(MAX(stylometry_data_drama!D$2:D$37) - MIN(stylometry_data_drama!D$2:D$37)) -> 0.68932039 | E3: =(stylometry_data_drama!E3 - MIN(stylometry_data_drama!E$2:E$37))/(MAX(stylometry_data_drama!E$2:E$37) - MIN(stylometry_data_drama!E$2:E$37)) -> 0.575 | F3: =(stylometry_data_drama!F3 - MIN(stylometry_data_drama!F$2:F$37))/(MAX(stylometry_data_drama!F$2:F$37) - MIN(stylometry_data_drama!F$2:F$37)) -> 0.609375 | G3: =(stylometry_data_drama!G3 - MIN(stylometry_data_drama!G$2:G$37))/(MAX(stylometry_data_drama!G$2:G$37) - MIN(stylometry_data_drama!G$2:G$37)) -> 0.38461538 | H3: =(stylometry_data_drama!H3 - MIN(stylometry_data_drama!H$2:H$37))/(MAX(stylometry_data_drama!H$2:H$37) - MIN(stylometry_data_drama!H$2:H$37)) -> 0.61818182 | ... Z3: =(stylometry_data_drama!Z3 - MIN(stylometry_data_drama!Z$2:Z$37))/(MAX(stylometry_data_drama!Z$2:Z$37) - MIN(stylometry_data_drama!Z$2:Z$37)) -> 0.14963302 | AA3: Plautus Asinaria'
A4: =(stylometry_data_drama!A4 - MIN(stylometry_data_drama!A$2:A$37))/(MAX(stylometry_data_drama!A$2:A$37) - MIN(stylometry_data_drama!A$2:A$37)) -> 0.92437542 | B4: =(stylometry_data_drama!B4 - MIN(stylometry_data_drama!B$2:B$37))/(MAX(stylometry_data_drama!B$2:B$37) - MIN(stylometry_data_drama!B$2:B$37)) -> 0.61816578 | C4: =(stylometry_data_drama!C4 - MIN(stylometry_data_drama!C$2:C$37))/(MAX(stylometry_data_drama!C$2:C$37) - MIN(stylometry_data_drama!C$2:C$37)) -> 0 | D4: =(stylometry_data_drama!D4 - MIN(stylometry_data_drama!D$2:D$37))/(MAX(stylometry_data_drama!D$2:D$37) - MIN(stylometry_data_drama!D$2:D$37)) -> 0.4368932 | E4: =(stylometry_data_drama!E4 - MIN(stylometry_data_drama!E$2:E$37))/(MAX(stylometry_data_drama!E$2:E$37) - MIN(stylometry_data_drama!E$2:E$37)) -> 0.3 | F4: =(stylometry_data_drama!F4 - MIN(stylometry_data_drama!F$2:F$37))/(MAX(stylometry_data_drama!F$2:F$37) - MIN(stylometry_data_drama!F$2:F$37)) -> 0.28125 | G4: =(stylometry_data_drama!G4 - MIN(stylometry_data_drama!G$2:G$37))/(MAX(stylometry_data_drama!G$2:G$37) - MIN(stylometry_data_drama!G$2:G$37)) -> 0.032967033 | H4: =(stylometry_data_drama!H4 - MIN(stylometry_data_drama!H$2:H$37))/(MAX(stylometry_data_drama!H$2:H$37) - MIN(stylometry_data_drama!H$2:H$37)) -> 0.34545455 | ... Z4: =(stylometry_data_drama!Z4 - MIN(stylometry_data_drama!Z$2:Z$37))/(MAX(stylometry_data_drama!Z$2:Z$37) - MIN(stylometry_data_drama!Z$2:Z$37)) -> 0.15380362 | AA4: Plautus Aulularia
A5: =(stylometry_data_drama!A5 - MIN(stylometry_data_drama!A$2:A$37))/(MAX(stylometry_data_drama!A$2:A$37) - MIN(stylometry_data_drama!A$2:A$37)) -> 0.75489534 | B5: =(stylometry_data_drama!B5 - MIN(stylometry_data_drama!B$2:B$37))/(MAX(stylometry_data_drama!B$2:B$37) - MIN(stylometry_data_drama!B$2:B$37)) -> 0.72398589 | C5: =(stylometry_data_drama!C5 - MIN(stylometry_data_drama!C$2:C$37))/(MAX(stylometry_data_drama!C$2:C$37) - MIN(stylometry_data_drama!C$2:C$37)) -> 0.044444444 | D5: =(stylometry_data_drama!D5 - MIN(stylometry_data_drama!D$2:D$37))/(MAX(stylometry_data_drama!D$2:D$37) - MIN(stylometry_data_drama!D$2:D$37)) -> 0.46601942 | E5: =(stylometry_data_drama!E5 - MIN(stylometry_data_drama!E$2:E$37))/(MAX(stylometry_data_drama!E$2:E$37) - MIN(stylometry_data_drama!E$2:E$37)) -> 0.1625 | F5: =(stylometry_data_drama!F5 - MIN(stylometry_data_drama!F$2:F$37))/(MAX(stylometry_data_drama!F$2:F$37) - MIN(stylometry_data_drama!F$2:F$37)) -> 0.265625 | G5: =(stylometry_data_drama!G5 - MIN(stylometry_data_drama!G$2:G$37))/(MAX(stylometry_data_drama!G$2:G$37) - MIN(stylometry_data_drama!G$2:G$37)) -> 0.13186813 | H5: =(stylometry_data_drama!H5 - MIN(stylometry_data_drama!H$2:H$37))/(MAX(stylometry_data_drama!H$2:H$37) - MIN(stylometry_data_drama!H$2:H$37)) -> 0.45454545 | ... Z5: =(stylometry_data_drama!Z5 - MIN(stylometry_data_drama!Z$2:Z$37))/(MAX(stylometry_data_drama!Z$2:Z$37) - MIN(stylometry_data_drama!Z$2:Z$37)) -> 0.11413976 | AA5: Plautus Bacchides
A6: =(stylometry_data_drama!A6 - MIN(stylometry_data_drama!A$2:A$37))/(MAX(stylometry_data_drama!A$2:A$37) - MIN(stylometry_data_drama!A$2:A$37)) -> 0.86563133 | B6: =(stylometry_data_drama!B6 - MIN(stylometry_data_drama!B$2:B$37))/(MAX(stylometry_data_drama!B$2:B$37) - MIN(stylometry_data_drama!B$2:B$37)) -> 0.75925926 | C6: =(stylometry_data_drama!C6 - MIN(stylometry_data_drama!C$2:C$37))/(MAX(stylometry_data_drama!C$2:C$37) - MIN(stylometry_data_drama!C$2:C$37)) -> 0 | D6: =(stylometry_data_drama!D6 - MIN(stylometry_data_drama!D$2:D$37))/(MAX(stylometry_data_drama!D$2:D$37) - MIN(stylometry_data_drama!D$2:D$37)) -> 0.62135922 | E6: =(stylometry_data_drama!E6 - MIN(stylometry_data_drama!E$2:E$37))/(MAX(stylometry_data_drama!E$2:E$37) - MIN(stylometry_data_drama!E$2:E$37)) -> 0.525 | F6: =(stylometry_data_drama!F6 - MIN(stylometry_data_drama!F$2:F$37))/(MAX(stylometry_data_drama!F$2:F$37) - MIN(stylometry_data_drama!F$2:F$37)) -> 0.59375 | G6: =(stylometry_data_drama!G6 - MIN(stylometry_data_drama!G$2:G$37))/(MAX(stylometry_data_drama!G$2:G$37) - MIN(stylometry_data_drama!G$2:G$37)) -> 0.24175824 | H6: =(stylometry_data_drama!H6 - MIN(stylometry_data_drama!H$2:H$37))/(MAX(stylometry_data_drama!H$2:H$37) - MIN(stylometry_data_drama!H$2:H$37)) -> 0.34545455 | ... Z6: =(stylometry_data_drama!Z6 - MIN(stylometry_data_drama!Z$2:Z$37))/(MAX(stylometry_data_drama!Z$2:Z$37) - MIN(stylometry_data_drama!Z$2:Z$37)) -> 0.28347359 | AA6: Plautus Captivi
A7: =(stylometry_data_drama!A7 - MIN(stylometry_data_drama!A$2:A$37))/(MAX(stylometry_data_drama!A$2:A$37) - MIN(stylometry_data_drama!A$2:A$37)) -> 0.86698177 | B7: =(stylometry_data_drama!B7 - MIN(stylometry_data_drama!B$2:B$37))/(MAX(stylometry_data_drama!B$2:B$37) - MIN(stylometry_data_drama!B$2:B$37)) -> 0.6622575 | C7: =(stylometry_data_drama!C7 - MIN(stylometry_data_drama!C$2:C$37))/(MAX(stylometry_data_drama!C$2:C$37) - MIN(stylometry_data_drama!C$2:C$37)) -> 0.2 | D7: =(stylometry_data_drama!D7 - MIN(stylometry_data_drama!D$2:D$37))/(MAX(stylometry_data_drama!D$2:D$37) - MIN(stylometry_data_drama!D$2:D$37)) -> 0.63106796 | E7: =(stylometry_data_drama!E7 - MIN(stylometry_data_drama!E$2:E$37))/(MAX(stylometry_data_drama!E$2:E$37) - MIN(stylometry_data_drama!E$2:E$37)) -> 0.375 | F7: =(stylometry_data_drama!F7 - MIN(stylometry_data_drama!F$2:F$37))/(MAX(stylometry_data_drama!F$2:F$37) - MIN(stylometry_data_drama!F$2:F$37)) -> 0.15625 | G7: =(stylometry_data_drama!G7 - MIN(stylometry_data_drama!G$2:G$37))/(MAX(stylometry_data_drama!G$2:G$37) - MIN(stylometry_data_drama!G$2:G$37)) -> 0.021978022 | H7: =(stylometry_data_drama!H7 - MIN(stylometry_data_drama!H$2:H$37))/(MAX(stylometry_data_drama!H$2:H$37) - MIN(stylometry_data_drama!H$2:H$37)) -> 0.30909091 | ... Z7: =(stylometry_data_drama!Z7 - MIN(stylometry_data_drama!Z$2:Z$37))/(MAX(stylometry_data_drama!Z$2:Z$37) - MIN(stylometry_data_drama!Z$2:Z$37)) -> 0.07903229 | AA7: Plautus Casina
A8: =(stylometry_data_drama!A8 - MIN(stylometry_data_drama!A$2:A$37))/(MAX(stylometry_data_drama!A$2:A$37) - MIN(stylometry_data_drama!A$2:A$37)) -> 0.84199865 | B8: =(stylometry_data_drama!B8 - MIN(stylometry_data_drama!B$2:B$37))/(MAX(stylometry_data_drama!B$2:B$37) - MIN(stylometry_data_drama!B$2:B$37)) -> 1 | C8: =(stylometry_data_drama!C8 - MIN(stylometry_data_drama!C$2:C$37))/(MAX(stylometry_data_drama!C$2:C$37) - MIN(stylometry_data_drama!C$2:C$37)) -> 1 | D8: =(stylometry_data_drama!D8 - MIN(stylometry_data_drama!D$2:D$37))/(MAX(stylometry_data_drama!D$2:D$37) - MIN(stylometry_data_drama!D$2:D$37)) -> 0.84466019 | E8: =(stylometry_data_drama!E8 - MIN(stylometry_data_drama!E$2:E$37))/(MAX(stylometry_data_drama!E$2:E$37) - MIN(stylometry_data_drama!E$2:E$37)) -> 0.3125 | F8: =(stylometry_data_drama!F8 - MIN(stylometry_data_drama!F$2:F$37))/(MAX(stylometry_data_drama!F$2:F$37) - MIN(stylometry_data_drama!F$2:F$37)) -> 0.796875 | G8: =(stylometry_data_drama!G8 - MIN(stylometry_data_drama!G$2:G$37))/(MAX(stylometry_data_drama!G$2:G$37) - MIN(stylometry_data_drama!G$2:G$37)) -> 0.076923077 | H8: =(stylometry_data_drama!H8 - MIN(stylometry_data_drama!H$2:H$37))/(MAX(stylometry_data_drama!H$2:H$37) - MIN(stylometry_data_drama!H$2:H$37)) -> 0.58181818 | ... Z8: =(stylometry_data_drama!Z8 - MIN(stylometry_data_drama!Z$2:Z$37))/(MAX(stylometry_data_drama!Z$2:Z$37) - MIN(stylometry_data_drama!Z$2:Z$37)) -> 0.153903 | AA8: Plautus Cistellaria
A9: =(stylometry_data_drama!A9 - MIN(stylometry_data_drama!A$2:A$37))/(MAX(stylometry_data_drama!A$2:A$37) - MIN(stylometry_data_drama!A$2:A$37)) -> 1 | B9: =(stylometry_data_drama!B9 - MIN(stylometry_data_drama!B$2:B$37))/(MAX(stylometry_data_drama!B$2:B$37) - MIN(stylometry_data_drama!B$2:B$37)) -> 0.59171076 | C9: =(stylometry_data_drama!C9 - MIN(stylometry_data_drama!C$2:C$37))/(MAX(stylometry_data_drama!C$2:C$37) - MIN(stylometry_data_drama!C$2:C$37)) -> 0 | D9: =(stylometry_data_drama!D9 - MIN(stylometry_data_drama!D$2:D$37))/(MAX(stylometry_data_drama!D$2:D$37) - MIN(stylometry_data_drama!D$2:D$37)) -> 0.52427184 | E9: =(stylometry_data_drama!E9 - MIN(stylometry_data_drama!E$2:E$37))/(MAX(stylometry_data_drama!E$2:E$37) - MIN(stylometry_data_drama!E$2:E$37)) -> 0.7625 | F9: =(stylometry_data_drama!F9 - MIN(stylometry_data_drama!F$2:F$37))/(MAX(stylometry_data_drama!F$2:F$37) - MIN(stylometry_data_drama!F$2:F$37)) -> 0.28125 | G9: =(stylometry_data_drama!G9 - MIN(stylometry_data_drama!G$2:G$37))/(MAX(stylometry_data_drama!G$2:G$37) - MIN(stylometry_data_drama!G$2:G$37)) -> 0.28571429 | H9: =(stylometry_data_drama!H9 - MIN(stylometry_data_drama!H$2:H$37))/(MAX(stylometry_data_drama!H$2:H$37) - MIN(stylometry_data_drama!H$2:H$37)) -> 0.30909091 | ... Z9: =(stylometry_data_drama!Z9 - MIN(stylometry_data_drama!Z$2:Z$37))/(MAX(stylometry_data_drama!Z$2:Z$37) - MIN(stylometry_data_drama!Z$2:Z$37)) -> 0.050085193 | AA9: Plautus Curculio
A10: =(stylometry_data_drama!A10 - MIN(stylometry_data_drama!A$2:A$37))/(MAX(stylometry_data_drama!A$2:A$37) - MIN(stylometry_data_drama!A$2:A$37)) -> 0.82849426 | B10: =(stylometry_data_drama!B10 - MIN(stylometry_data_drama!B$2:B$37))/(MAX(stylometry_data_drama!B$2:B$37) - MIN(stylometry_data_drama!B$2:B$37)) -> 0.77248677 | C10: =(stylometry_data_drama!C10 - MIN(stylometry_data_drama!C$2:C$37))/(MAX(stylometry_data_drama!C$2:C$37) - MIN(stylometry_data_drama!C$2:C$37)) -> 0 | D10: =(stylometry_data_drama!D10 - MIN(stylometry_data_drama!D$2:D$37))/(MAX(stylometry_data_drama!D$2:D$37) - MIN(stylometry_data_drama!D$2:D$37)) -> 0.57281553 | E10: =(stylometry_data_drama!E10 - MIN(stylometry_data_drama!E$2:E$37))/(MAX(stylometry_data_drama!E$2:E$37) - MIN(stylometry_data_drama!E$2:E$37)) -> 0.3 | F10: =(stylometry_data_drama!F10 - MIN(stylometry_data_drama!F$2:F$37))/(MAX(stylometry_data_drama!F$2:F$37) - MIN(stylometry_data_drama!F$2:F$37)) -> 0.671875 | G10: =(stylometry_data_drama!G10 - MIN(stylometry_data_drama!G$2:G$37))/(MAX(stylometry_data_drama!G$2:G$37) - MIN(stylometry_data_drama!G$2:G$37)) -> 0.37362637 | H10: =(stylometry_data_drama!H10 - MIN(stylometry_data_drama!H$2:H$37))/(MAX(stylometry_data_drama!H$2:H$37) - MIN(stylometry_data_drama!H$2:H$37)) -> 0.18181818 | ... Z10: =(stylometry_data_drama!Z10 - MIN(stylometry_data_drama!Z$2:Z$37))/(MAX(stylometry_data_drama!Z$2:Z$37) - MIN(stylometry_data_drama!Z$2:Z$37)) -> 0.064880734 | AA10: Plautus Epidicus
A11: =(stylometry_data_drama!A11 - MIN(stylometry_data_drama!A$2:A$37))/(MAX(stylometry_data_drama!A$2:A$37) - MIN(stylometry_data_drama!A$2:A$37)) -> 0.93315327 | B11: =(stylometry_data_drama!B11 - MIN(stylometry_data_drama!B$2:B$37))/(MAX(stylometry_data_drama!B$2:B$37) - MIN(stylometry_data_drama!B$2:B$37)) -> 0.64373898 | C11: =(stylometry_data_drama!C11 - MIN(stylometry_data_drama!C$2:C$37))/(MAX(stylometry_data_drama!C$2:C$37) - MIN(stylometry_data_drama!C$2:C$37)) -> 0.24444444 | D11: =(stylometry_data_drama!D11 - MIN(stylometry_data_drama!D$2:D$37))/(MAX(stylometry_data_drama!D$2:D$37) - MIN(stylometry_data_drama!D$2:D$37)) -> 0.53398058 | E11: =(stylometry_data_drama!E11 - MIN(stylometry_data_drama!E$2:E$37))/(MAX(stylometry_data_drama!E$2:E$37) - MIN(stylometry_data_drama!E$2:E$37)) -> 0.1125 | F11: =(stylometry_data_drama!F11 - MIN(stylometry_data_drama!F$2:F$37))/(MAX(stylometry_data_drama!F$2:F$37) - MIN(stylometry_data_drama!F$2:F$37)) -> 0.328125 | G11: =(stylometry_data_drama!G11 - MIN(stylometry_data_drama!G$2:G$37))/(MAX(stylometry_data_drama!G$2:G$37) - MIN(stylometry_data_drama!G$2:G$37)) -> 0.17582418 | H11: =(stylometry_data_drama!H11 - MIN(stylometry_data_drama!H$2:H$37))/(MAX(stylometry_data_drama!H$2:H$37) - MIN(stylometry_data_drama!H$2:H$37)) -> 0.56363636 | ... Z11: =(stylometry_data_drama!Z11 - MIN(stylometry_data_drama!Z$2:Z$37))/(MAX(stylometry_data_drama!Z$2:Z$37) - MIN(stylometry_data_drama!Z$2:Z$37)) -> 0.096108838 | AA11: Plautus Menaechmi
A12: =(stylometry_data_drama!A12 - MIN(stylometry_data_drama!A$2:A$37))/(MAX(stylometry_data_drama!A$2:A$37) - MIN(stylometry_data_drama!A$2:A$37)) -> 0.75962188 | B12: =(stylometry_data_drama!B12 - MIN(stylometry_data_drama!B$2:B$37))/(MAX(stylometry_data_drama!B$2:B$37) - MIN(stylometry_data_drama!B$2:B$37)) -> 0.64462081 | C12: =(stylometry_data_drama!C12 - MIN(stylometry_data_drama!C$2:C$37))/(MAX(stylometry_data_drama!C$2:C$37) - MIN(stylometry_data_drama!C$2:C$37)) -> 0.15555556 | D12: =(stylometry_data_drama!D12 - MIN(stylometry_data_drama!D$2:D$37))/(MAX(stylometry_data_drama!D$2:D$37) - MIN(stylometry_data_drama!D$2:D$37)) -> 0.57281553 | E12: =(stylometry_data_drama!E12 - MIN(stylometry_data_drama!E$2:E$37))/(MAX(stylometry_data_drama!E$2:E$37) - MIN(stylometry_data_drama!E$2:E$37)) -> 0.3 | F12: =(stylometry_data_drama!F12 - MIN(stylometry_data_drama!F$2:F$37))/(MAX(stylometry_data_drama!F$2:F$37) - MIN(stylometry_data_drama!F$2:F$37)) -> 0.546875 | G12: =(stylometry_data_drama!G12 - MIN(stylometry_data_drama!G$2:G$37))/(MAX(stylometry_data_drama!G$2:G$37) - MIN(stylometry_data_drama!G$2:G$37)) -> 0.010989011 | H12: =(stylometry_data_drama!H12 - MIN(stylometry_data_drama!H$2:H$37))/(MAX(stylometry_data_drama!H$2:H$37) - MIN(stylometry_data_drama!H$2:H$37)) -> 0.58181818 | ... Z12: =(stylometry_data_drama!Z12 - MIN(stylometry_data_drama!Z$2:Z$37))/(MAX(stylometry_data_drama!Z$2:Z$37) - MIN(stylometry_data_drama!Z$2:Z$37)) -> 0.057062553 | AA12: Plautus Mercator
A13: =(stylometry_data_drama!A13 - MIN(stylometry_data_drama!A$2:A$37))/(MAX(stylometry_data_drama!A$2:A$37) - MIN(stylometry_data_drama!A$2:A$37)) -> 0.76299797 | B13: =(stylometry_data_drama!B13 - MIN(stylometry_data_drama!B$2:B$37))/(MAX(stylometry_data_drama!B$2:B$37) - MIN(stylometry_data_drama!B$2:B$37)) -> 0.77689594 | C13: =(stylometry_data_drama!C13 - MIN(stylometry_data_drama!C$2:C$37))/(MAX(stylometry_data_drama!C$2:C$37) - MIN(stylometry_data_drama!C$2:C$37)) -> 0.15555556 | D13: =(stylometry_data_drama!D13 - MIN(stylometry_data_drama!D$2:D$37))/(MAX(stylometry_data_drama!D$2:D$37) - MIN(stylometry_data_drama!D$2:D$37)) -> 0.84466019 | E13: =(stylometry_data_drama!E13 - MIN(stylometry_data_drama!E$2:E$37))/(MAX(stylometry_data_drama!E$2:E$37) - MIN(stylometry_data_drama!E$2:E$37)) -> 0.45 | F13: =(stylometry_data_drama!F13 - MIN(stylometry_data_drama!F$2:F$37))/(MAX(stylometry_data_drama!F$2:F$37) - MIN(stylometry_data_drama!F$2:F$37)) -> 0.546875 | G13: =(stylometry_data_drama!G13 - MIN(stylometry_data_drama!G$2:G$37))/(MAX(stylometry_data_drama!G$2:G$37) - MIN(stylometry_data_drama!G$2:G$37)) -> 0.17582418 | H13: =(stylometry_data_drama!H13 - MIN(stylometry_data_drama!H$2:H$37))/(MAX(stylometry_data_drama!H$2:H$37) - MIN(stylometry_data_drama!H$2:H$37)) -> 0.69090909 | ... Z13: =(stylometry_data_drama!Z13 - MIN(stylometry_data_drama!Z$2:Z$37))/(MAX(stylometry_data_drama!Z$2:Z$37) - MIN(stylometry_data_drama!Z$2:Z$37)) -> 0.16741524 | AA13: Plautus Miles Gloriosus
... A37: =(stylometry_data_drama!A37 - MIN(stylometry_data_drama!A$2:A$37))/(MAX(stylometry_data_drama!A$2:A$37) - MIN(stylometry_data_drama!A$2:A$37)) -> 0.65698852 | B37: =(stylometry_data_drama!B37 - MIN(stylometry_data_drama!B$2:B$37))/(MAX(stylometry_data_drama!B$2:B$37) - MIN(stylometry_data_drama!B$2:B$37)) -> 0.86419753 | C37: =(stylometry_data_drama!C37 - MIN(stylometry_data_drama!C$2:C$37))/(MAX(stylometry_data_drama!C$2:C$37) - MIN(stylometry_data_drama!C$2:C$37)) -> 0.31111111 | D37: =(stylometry_data_drama!D37 - MIN(stylometry_data_drama!D$2:D$37))/(MAX(stylometry_data_drama!D$2:D$37) - MIN(stylometry_data_drama!D$2:D$37)) -> 0.58252427 | E37: =(stylometry_data_drama!E37 - MIN(stylometry_data_drama!E$2:E$37))/(MAX(stylometry_data_drama!E$2:E$37) - MIN(stylometry_data_drama!E$2:E$37)) -> 0.1875 | F37: =(stylometry_data_drama!F37 - MIN(stylometry_data_drama!F$2:F$37))/(MAX(stylometry_data_drama!F$2:F$37) - MIN(stylometry_data_drama!F$2:F$37)) -> 0.765625 | G37: =(stylometry_data_drama!G37 - MIN(stylometry_data_drama!G$2:G$37))/(MAX(stylometry_data_drama!G$2:G$37) - MIN(stylometry_data_drama!G$2:G$37)) -> 0.7032967 | H37: =(stylometry_data_drama!H37 - MIN(stylometry_data_drama!H$2:H$37))/(MAX(stylometry_data_drama!H$2:H$37) - MIN(stylometry_data_drama!H$2:H$37)) -> 0.63636364 | ... Z37: =(stylometry_data_drama!Z37 - MIN(stylometry_data_drama!Z$2:Z$37))/(MAX(stylometry_data_drama!Z$2:Z$37) - MIN(stylometry_data_drama!Z$2:Z$37)) -> 0.058673321 | AA37: Terence Phormio

Sheet Values
A1: 0.76299797 | B1: 0.63492063 | C1: 0.088888889 | D1: 0.66019417 | E1: 0.25 | F1: 0.40625 | G1: 0.10989011 | H1: 0.65454545 | I1: 0.375 | J1: 0 | K1: 0 | L1: 0.25806452 | M1: 0.44117647 | N1: 0.81355932 | O1: 0.69117647 | P1: 0.52439024 | Q1: 0.40672074 | R1: 0.13333333 | S1: 0.24 | T1: 0.52682706 | U1: 0.25425757 | V1: 0.28571429 | W1: 0.58974359 | X1: 0.66555184 | Y1: 0 | Z1: 0.23291548
A2: 0.79945982 | B2: 0.52821869 | C2: 0 | D2: 0.68932039 | E2: 0.575 | F2: 0.609375 | G2: 0.38461538 | H2: 0.61818182 | I2: 0.625 | J2: 0 | K2: 0 | L2: 0.35483871 | M2: 0.58823529 | N2: 0.71864407 | O2: 1 | P2: 0.48780488 | Q2: 0.42641947 | R2: 0.4 | S2: 0.32 | T2: 0.41836118 | U2: 0.058457476 | V2: 0.42857143 | W2: 0.92307692 | X2: 0.010033445 | Y2: 0.23255814 | Z2: 0.14963302
A3: 0.92437542 | B3: 0.61816578 | C3: 0 | D3: 0.4368932 | E3: 0.3 | F3: 0.28125 | G3: 0.032967033 | H3: 0.34545455 | I3: 0.75 | J3: 0 | K3: 0 | L3: 0.080645161 | M3: 0.54901961 | N3: 0.73559322 | O3: 0.8125 | P3: 0.53252033 | Q3: 0.38006952 | R3: 0.33333333 | S3: 0.36 | T3: 0.42092813 | U3: 0.23913471 | V3: 0.18571429 | W3: 0.56410256 | X3: 0.5451505 | Y3: 0.20930233 | Z3: 0.15380362
A4: 0.75489534 | B4: 0.72398589 | C4: 0.044444444 | D4: 0.46601942 | E4: 0.1625 | F4: 0.265625 | G4: 0.13186813 | H4: 0.45454545 | I4: 0.625 | J4: 0 | K4: 0 | L4: 0.41935484 | M4: 0.30392157 | N4: 0.83728814 | O4: 0.60661765 | P4: 0.50406504 | Q4: 0.52375435 | R4: 0.28888889 | S4: 0.52 | T4: 0.33425609 | U4: 0.17469153 | V4: 0.15714286 | W4: 1 | X4: 0.18729097 | Y4: 0.53488372 | Z4: 0.11413976
A5: 0.86563133 | B5: 0.75925926 | C5: 0 | D5: 0.62135922 | E5: 0.525 | F5: 0.59375 | G5: 0.24175824 | H5: 0.34545455 | I5: 0.3125 | J5: 0 | K5: 0.66666667 | L5: 0.19354839 | M5: 0.35294118 | N5: 0.70508475 | O5: 0.78308824 | P5: 0.87804878 | Q5: 0.2433372 | R5: 0.37777778 | S5: 0.56 | T5: 0.65245621 | U5: 0.17526287 | V5: 0.4 | W5: 0.71794872 | X5: 1 | Y5: 0 | Z5: 0.28347359
A6: 0.86698177 | B6: 0.6622575 | C6: 0.2 | D6: 0.63106796 | E6: 0.375 | F6: 0.15625 | G6: 0.021978022 | H6: 0.30909091 | I6: 0.1875 | J6: 0 | K6: 0 | L6: 0.58064516 | M6: 0.84313725 | N6: 0.69830508 | O6: 0.68014706 | P6: 0.39837398 | Q6: 0.51332561 | R6: 0.44444444 | S6: 0.92 | T6: 0.11571371 | U6: 0.10192685 | V6: 0.071428571 | W6: 0.58974359 | X6: 0.52173913 | Y6: 0.20930233 | Z6: 0.07903229
A7: 0.84199865 | B7: 1 | C7: 1 | D7: 0.84466019 | E7: 0.3125 | F7: 0.796875 | G7: 0.076923077 | H7: 0.58181818 | I7: 0 | J7: 0 | K7: 0 | L7: 0.016129032 | M7: 0.31372549 | N7: 0.56271186 | O7: 0.75 | P7: 0.50813008 | Q7: 0.23174971 | R7: 0.35555556 | S7: 0.32 | T7: 0.33576606 | U7: 0.12310773 | V7: 0.2 | W7: 0.33333333 | X7: 0.63879599 | Y7: 0.18604651 | Z7: 0.153903
A8: 1 | B8: 0.59171076 | C8: 0 | D8: 0.52427184 | E8: 0.7625 | F8: 0.28125 | G8: 0.28571429 | H8: 0.30909091 | I8: 0.625 | J8: 0 | K8: 0 | L8: 0.83870968 | M8: 0.50980392 | N8: 0.64067797 | O8: 0.78308824 | P8: 0.59756098 | Q8: 0.54577057 | R8: 0.62222222 | S8: 0.84 | T8: 0.29585263 | U8: 0.038613213 | V8: 0.25714286 | W8: 0.28205128 | X8: 0.25083612 | Y8: 0.23255814 | Z8: 0.050085193
A9: 0.82849426 | B9: 0.77248677 | C9: 0 | D9: 0.57281553 | E9: 0.3 | F9: 0.671875 | G9: 0.37362637 | H9: 0.18181818 | I9: 1 | J9: 0 | K9: 0 | L9: 0.41935484 | M9: 0.39215686 | N9: 0.59661017 | O9: 0.62132353 | P9: 0.75203252 | Q9: 0.6013905 | R9: 0.15555556 | S9: 0.4 | T9: 0.32081739 | U9: 0.20812757 | V9: 0.2 | W9: 0.51282051 | X9: 0.053511706 | Y9: 0 | Z9: 0.064880734
A10: 0.93315327 | B10: 0.64373898 | C10: 0.24444444 | D10: 0.53398058 | E10: 0.1125 | F10: 0.328125 | G10: 0.17582418 | H10: 0.56363636 | I10: 0.25 | J10: 0 | K10: 0 | L10: 0.46774194 | M10: 0.56862745 | N10: 0.67457627 | O10: 0.58823529 | P10: 0.52439024 | Q10: 0.60718424 | R10: 1 | S10: 0.72 | T10: 0.33048118 | U10: 0.037198818 | V10: 0.14285714 | W10: 0.25641026 | X10: 0.32107023 | Y10: 0.20930233 | Z10: 0.096108838
A11: 0.75962188 | B11: 0.64462081 | C11: 0.15555556 | D11: 0.57281553 | E11: 0.3 | F11: 0.546875 | G11: 0.010989011 | H11: 0.58181818 | I11: 0.625 | J11: 0 | K11: 0 | L11: 0.4516129 | M11: 1 | N11: 0.71864407 | O11: 0.75367647 | P11: 0.29674797 | Q11: 0.57242178 | R11: 0.37777778 | S11: 0.28 | T11: 0.21542178 | U11: 0.013786794 | V11: 0.27142857 | W11: 0.23076923 | X11: 0.080267559 | Y11: 0.046511628 | Z11: 0.057062553
A12: 0.76299797 | B12: 0.77689594 | C12: 0.15555556 | D12: 0.84466019 | E12: 0.45 | F12: 0.546875 | G12: 0.17582418 | H12: 0.69090909 | I12: 0.75 | J12: 0 | K12: 0 | L12: 0.66129032 | M12: 0.55882353 | N12: 0.61016949 | O12: 0.83455882 | P12: 0.68292683 | Q12: 0.38933951 | R12: 0.33333333 | S12: 0.48 | T12: 0.28925911 | U12: 0.11151209 | V12: 0.31428571 | W12: 0.17948718 | X12: 0.74916388 | Y12: 0.23255814 | Z12: 0.16741524
... A36: 0.65698852 | B36: 0.86419753 | C36: 0.31111111 | D36: 0.58252427 | E36: 0.1875 | F36: 0.765625 | G36: 0.7032967 | H36: 0.63636364 | I36: 0.75 | J36: 0 | K36: 0 | L36: 0.58064516 | M36: 0.32352941 | N36: 0.85762712 | O36: 0.77573529 | P36: 0.55284553 | Q36: 0.79837775 | R36: 0.84444444 | S36: 0.2 | T36: 0.32212603 | U36: 0.23256287 | V36: 0.55714286 | W36: 0.28205128 | X36: 0.010033445 | Y36: 0.48837209 | Z36: 0.058673321

Sheet stylometry_data_drama
A1: Personal Pronouns | B1: Demonstrative Pronouns | C1: Quidam | D1: Reflexive Pronouns | E1: Iste | F1: Alius | G1: Ipse | H1: Idem | I1: Priusquam | J1: Antequam | K1: Quominus | L1: Dum | M1: Quin | N1: Ut | O1: Conditionals | P1: Prepositions | Q1: Interrogative Sentences | R1: Superlatives | S1: Atque + consonant | T1: Relative Clauses | U1: Mean Length Relative Clauses | V1: Gerunds and Gerundives | W1: Cum | X1: Conjunctions | Y1: Vocatives | Z1: Mean Sentence Length | AA1: Corpus Name
A2: 0.0138 | B2: 0.00916 | C2: 4e-05 | D2: 0.00091 | E2: 0.00036 | F2: 0.00036 | G2: 0.00019 | H2: 0.00036 | I2: 6e-05 | J2: 0 | K2: 0 | L2: 0.00023 | M2: 0.00045 | N2: 0.00285 | O2: 0.00223 | P2: 0.00251 | Q2: 0.00544 | R2: 6e-05 | S2: 6e-05 | T2: 0.24457 | U2: 25 | V2: 0.00026 | W2: 0.00026 | X2: 0.01152 | Y2: 0 | Z2: 47.41734 | AA2: Plautus Amphitruo'
A3: 0.01434 | B3: 0.00795 | C3: 0 | D3: 0.00094 | E3: 0.00062 | F3: 0.00049 | G3: 0.00044 | H3: 0.00034 | I3: 0.0001 | J3: 0 | K3: 0 | L3: 0.00029 | M3: 0.0006 | N3: 0.00257 | O3: 0.00307 | P3: 0.00242 | Q3: 0.00561 | R3: 0.00018 | S3: 8e-05 | T3: 0.22302 | U3: 21.42564 | V3: 0.00036 | W3: 0.00039 | X3: 0.00956 | Y3: 0.0001 | Z3: 42.24698 | AA3: Plautus Asinaria'
A4: 0.01619 | B4: 0.00897 | C4: 0 | D4: 0.00068 | E4: 0.0004 | F4: 0.00028 | G4: 0.00012 | H4: 0.00019 | I4: 0.00012 | J4: 0 | K4: 0 | L4: 0.00012 | M4: 0.00056 | N4: 0.00262 | O4: 0.00256 | P4: 0.00253 | Q4: 0.00521 | R4: 0.00015 | S4: 9e-05 | T4: 0.22353 | U4: 24.72393 | V4: 0.00019 | W4: 0.00025 | X4: 0.01116 | Y4: 9e-05 | Z4: 42.5059 | AA4: Plautus Aulularia
A5: 0.01368 | B5: 0.01017 | C5: 2e-05 | D5: 0.00071 | E5: 0.00029 | F5: 0.00027 | G5: 0.00021 | H5: 0.00025 | I5: 0.0001 | J5: 0 | K5: 0 | L5: 0.00033 | M5: 0.00031 | N5: 0.00292 | O5: 0.002 | P5: 0.00246 | Q5: 0.00645 | R5: 0.00013 | S5: 0.00013 | T5: 0.20631 | U5: 23.54751 | V5: 0.00017 | W5: 0.00042 | X5: 0.01009 | Y5: 0.00023 | Z5: 40.04348 | AA5: Plautus Bacchides
A6: 0.01532 | B6: 0.01057 | C6: 0 | D6: 0.00087 | E6: 0.00058 | F6: 0.00048 | G6: 0.00031 | H6: 0.00019 | I6: 5e-05 | J6: 0 | K6: 2e-05 | L6: 0.00019 | M6: 0.00036 | N6: 0.00253 | O6: 0.00248 | P6: 0.00338 | Q6: 0.00403 | R6: 0.00017 | S6: 0.00014 | T6: 0.26953 | U6: 23.55794 | V6: 0.00034 | W6: 0.00031 | X6: 0.01252 | Y6: 0 | Z6: 50.5561 | AA6: Plautus Captivi
A7: 0.01534 | B7: 0.00947 | C7: 9e-05 | D7: 0.00088 | E7: 0.00046 | F7: 0.0002 | G7: 0.00011 | H7: 0.00017 | I7: 3e-05 | J7: 0 | K7: 0 | L7: 0.00043 | M7: 0.00086 | N7: 0.00251 | O7: 0.0022 | P7: 0.0022 | Q7: 0.00636 | R7: 0.0002 | S7: 0.00023 | T7: 0.16289 | U7: 22.21918 | V7: 0.00011 | W7: 0.00026 | X7: 0.01109 | Y7: 9e-05 | Z7: 37.86393 | AA7: Plautus Casina
A8: 0.01497 | B8: 0.0133 | C8: 0.00045 | D8: 0.0011 | E8: 0.00041 | F8: 0.00061 | G8: 0.00016 | H8: 0.00032 | I8: 0 | J8: 0 | K8: 0 | L8: 8e-05 | M8: 0.00032 | N8: 0.00211 | O8: 0.00239 | P8: 0.00247 | Q8: 0.00393 | R8: 0.00016 | S8: 8e-05 | T8: 0.20661 | U8: 22.60584 | V8: 0.0002 | W8: 0.00016 | X8: 0.01144 | Y8: 8e-05 | Z8: 42.51207 | AA8: Plautus Cistellaria
A9: 0.01731 | B9: 0.00867 | C9: 0 | D9: 0.00077 | E9: 0.00077 | F9: 0.00028 | G9: 0.00035 | H9: 0.00017 | I9: 0.0001 | J9: 0 | K9: 0 | L9: 0.00059 | M9: 0.00052 | N9: 0.00234 | O9: 0.00248 | P9: 0.00269 | Q9: 0.00664 | R9: 0.00028 | S9: 0.00021 | T9: 0.19868 | U9: 21.06338 | V9: 0.00024 | W9: 0.00014 | X9: 0.01028 | Y9: 0.0001 | Z9: 36.06683 | AA9: Plautus Curculio
A10: 0.01477 | B10: 0.01072 | C10: 0 | D10: 0.00082 | E10: 0.0004 | F10: 0.00053 | G10: 0.00043 | H10: 0.0001 | I10: 0.00016 | J10: 0 | K10: 0 | L10: 0.00033 | M10: 0.0004 | N10: 0.00221 | O10: 0.00204 | P10: 0.00307 | Q10: 0.00712 | R10: 7e-05 | S10: 0.0001 | T10: 0.20364 | U10: 24.15789 | V10: 0.0002 | W10: 0.00023 | X10: 0.00969 | Y10: 0 | Z10: 36.98537 | AA10: Plautus Epidicus
A11: 0.01632 | B11: 0.00926 | C11: 0.00011 | D11: 0.00078 | E11: 0.00025 | F11: 0.00031 | G11: 0.00025 | H11: 0.00031 | I11: 4e-05 | J11: 0 | K11: 0 | L11: 0.00036 | M11: 0.00058 | N11: 0.00244 | O11: 0.00195 | P11: 0.00251 | Q11: 0.00717 | R11: 0.00045 | S11: 0.00018 | T11: 0.20556 | U11: 21.03756 | V11: 0.00016 | W11: 0.00013 | X11: 0.01049 | Y11: 9e-05 | Z11: 38.92408 | AA11: Plautus Menaechmi
A12: 0.01375 | B12: 0.00927 | C12: 7e-05 | D12: 0.00082 | E12: 0.0004 | F12: 0.00045 | G12: 0.0001 | H12: 0.00032 | I12: 0.0001 | J12: 0 | K12: 0 | L12: 0.00035 | M12: 0.00102 | N12: 0.00257 | O12: 0.0024 | P12: 0.00195 | Q12: 0.00687 | R12: 0.00017 | S12: 7e-05 | T12: 0.1827 | U12: 20.61017 | V12: 0.00025 | W12: 0.00012 | X12: 0.00977 | Y12: 2e-05 | Z12: 36.5 | AA12: Plautus Mercator
A13: 0.0138 | B13: 0.01077 | C13: 7e-05 | D13: 0.0011 | E13: 0.00052 | F13: 0.00045 | G13: 0.00025 | H13: 0.00038 | I13: 0.00012 | J13: 0 | K13: 0 | L13: 0.00048 | M13: 0.00057 | N13: 0.00225 | O13: 0.00262 | P13: 0.0029 | Q13: 0.00529 | R13: 0.00015 | S13: 0.00012 | T13: 0.19737 | U13: 22.39416 | V13: 0.00028 | W13: 0.0001 | X13: 0.01177 | Y13: 0.0001 | Z13: 43.35094 | AA13: Plautus Miles Gloriosus
... A37: 0.01223 | B37: 0.01176 | C37: 0.00014 | D37: 0.00083 | E37: 0.00031 | F37: 0.00059 | G37: 0.00073 | H37: 0.00035 | I37: 0.00012 | J37: 0 | K37: 0 | L37: 0.00043 | M37: 0.00033 | N37: 0.00298 | O37: 0.00246 | P37: 0.00258 | Q37: 0.00882 | R37: 0.00038 | S37: 5e-05 | T37: 0.2039 | U37: 24.60396 | V37: 0.00045 | W37: 0.00014 | X37: 0.00956 | Y37: 0.00021 | Z37: 36.6 | AA37: Terence Phormio
